0.4468888888888889,0.501375,0.0018333333333333333
0.4468888888888889,0.501742894959386,0.0017870805558825788
0.44695112854057345,0.5021071672711466,0.0017425773340128533
0.4470690720916142,0.5024775690174614,0.00169985003616447
0.4472384555838056,0.5028627373828528,0.0016589698118876048
0.4474568820475486,0.5032705598791475,0.0016200509535403496
0.4477235170065865,0.5037084728864388,0.001583253818488186
0.44803886346576854,0.5041837097749263,0.0015487914680193443
0.448404600288241,0.50470351146849,0.0015169397430924907
0.44882347157574715,0.5052753096733997,0.0014880508963263923
0.44929921757399993,0.5059068909575574,0.0014625712127163868
0.44983653991183387,0.5066065482963107,0.001441063329406849
0.4504410957864698,0.5073832254976122,0.00142423424259425
0.4511195171356525,0.5082466590014347,0.0014129702937632721
0.4518794519746293,0.5092075208519786,0.0014083807804052468
0.4527296259871184,0.5102775661149529,0.0014118522595966939
0.45367992319485556,0.5114697876138719,0.0014251161290079225
0.4547414851283675,0.5127985805528278,0.0014503327046865844
0.455926828410921,0.514279919345941,0.0014901957983674034
0.4572499810685033,0.5159315487538523,0.0015480627649912795
0.45872663820425136,0.5177731912013448,0.001628116186733717
0.46037433793204685,0.51982677187839,0.0017355648350096465
0.46221265864992583,0.5221166628614031,0.0018768933686293737
0.4642634388403492,0.5246699469699108,0.002060172457904025
0.466551020592414,0.527516701313288,0.002295443756638505
0.4691025179196897,0.5306902993705584,0.002595197474381229
0.4719481106494476,0.5342277288306994,0.002974964338254125
0.475121364116172,0.5381699200926808,0.0034540485911849577
0.47865957400714637,0.5425620769986346,0.004056434461571114
0.48260413434437144,0.5474539966622657,0.0048119053468029934
0.48700092455626576,0.552900358632943,0.005757422815517443
0.49190070863479335,0.5589609543982879,0.006938821382521959
0.49735953513453857,0.565700815435631,0.008412884589654333
0.5034391207703304,0.5731901804420605,0.010249877658519433
0.5102071919668106,0.5815042184123724,0.012536620763853142
0.5177377470562333,0.5907223918905705,0.015380192866362555
0.5261111858011703,0.6009273015616675,0.01891235579166011
0.5354142311221215,0.6122027965881053,0.023294776610958124
0.5457395385846346,0.6246310618380463,0.02872509518624518
0.5571848502723643,0.6382883010025256,0.03544382055708948
0.5698514988590366,0.6532385228490613,0.04374192633477252
0.5838420028088614,0.6695248097154161,0.05396882530162338
0.5992564132468623,0.6871573137663731,0.06654010133717926
0.6161869777035556,0.7060971125072428,0.08194391688526566
0.6347105803826774,0.7262350092132527,0.10074434336771106
0.6548783153356884,0.7473644721723111,0.12357892975983105
0.676701473800285,0.769148308913143,0.15114660690487494
0.7001332270387822,0.7910795779433244,0.18418057217364617
0.7250454394180936,0.812438934773853,0.2233993191606399
0.7512004719102102,0.8322534155673262,0.26942796647559
0.778218695951256,0.8492658316050672,0.32268244766340537
0.8055439209868919,0.8619294008250147,0.38321249285181314
0.8324112037944398,0.8684481086913515,0.45050774521142806
0.857824549312624,0.8668872742657869,0.5232868750717796
0.8805554388383376,0.8553766377835629,0.5993127149751782
0.8991758561886901,0.8324140407373367,0.6753035236927594
0.9121395469326528,0.7972461481298809,0.7470302857831589
0.917919954535736,0.7502544533162826,0.8096827397734213
0.9152003335977148,0.6932242578291749,0.8585306131645623
0.9030912768484669,0.6293525182783682,0.8897946314874383
0.8813288692521128,0.5628944606965715,0.901506200002906
0.8503942002715307,0.498471732541699,0.8940524262228937
0.8115044577401903,0.440223455658749,0.8701587861821454
0.7664612462900462,0.3910816245966755,0.8342702451260764
0.717390753674514,0.3524130699343452,0.7915510316200365
0.6664480716648556,0.3241025815347771,0.7468713957208627
0.615563717116699,0.3049627321192535,0.7040977562982519
0.5662836077671117,0.2932594194532733,0.6658098098816919
0.5197131763940355,0.28716842204613213,0.6333757976321496
0.4765440422907093,0.28507229104745535,0.6072242753450808
0.43712837212720357,0.28569569898660185,0.5871608732313894
0.4015690624454264,0.2881241009610598,0.5726384621905863
0.3698044972208312,0.29175811824111253,0.5629484338995021
0.34167752240226695,0.29624350502960967,0.5573375182286051
0.3169860085942261,0.301400057209497,0.5550692195183854
0.2955165750077314,0.3071600409685189,0.5554502140001262
0.2770646876472989,0.31351913338792825,0.5578377791421044
0.26144454514200277,0.320499300090649,0.5616390691500474
0.24849174353915163,0.3281218605462947,0.5663086554274945
0.23806113075769472,0.336388964455349,0.5713475981491399
0.23002173143304497,0.34527206942218286,0.5763052193820727
0.2242502054046829,0.3547063846561456,0.5807834151231722
0.22062398870813169,0.3645904676002867,0.584442542413106
0.21901501904582704,0.3747901987074783,0.587007510320951
0.219284730801657,0.3851462540848064,0.5882726177749025
0.2212807905478028,0.39548402342939876,0.5881038698648305
0.22483582110325334,0.40562476982602363,0.5864379118381464
0.22976813500385984,0.4153967750828563,0.5832772654094184
0.23588428371668357,0.42464530499141945,0.5786821306381612
0.24298305016526528,0.43324046707397673,0.5727595186863381
0.25086039067245064,0.44108238216612516,0.5656508166480866
0.2593147815324327,0.44810348595756117,0.5575190076839486
0.268152446159184,0.45426814528148507,0.5485366813064008
0.27719201989107056,0.4595700571982778,0.5388757178857183
0.286268330863753,0.46402806381856704,0.5286991924133422
0.2952351130468367,0.4676810593064502,0.5181556927536741
0.30396659947929494,0.4705826088512838,0.5073759488896904
0.31235805353823154,0.472795777356926,0.4964714580562909
0.32032537477991685,0.4743885150943924,0.4855346756372411
0.32780396164494763,0.47542979925067536,0.4746403123034136
0.3347470296270301,0.4759866044256122,0.4638473116548439
0.34112357696441864,0.4761216812364183,0.4532011541485634
0.3469161681104944,0.475892061340428,0.44273621984251293
0.3521186752178946,0.4753481750505489,0.4324780278913038
0.35673408526880124,0.4745334575010225,0.4224452447154702
0.360772449256193,0.4734843239159147,0.4126514108062364
0.3642490223421141,0.4722304077797251,0.40310637767223645
0.3671826212963059,0.4707949729191502,0.3938174733146618
0.3695942079601627,0.4691954284877937,0.3847904297579091
0.37150569463576644,0.4674438926811197,0.37603011269748604
0.3729389585251317,0.4655477657252298,0.3675410940838547
0.3739150468948433,0.4635102849468534,0.35932810572992174
0.3744535517847216,0.4613310445972326,0.3513964075135128
0.3745721321634242,0.4590064708285689,0.343752098612925
0.3742861619123756,0.4565302481535295,0.33640239519634607
0.37360848345589626,0.4538936982160595,0.32935589348874655
0.3725492489161104,0.45108611510308994,0.3226228333348983
0.3711158331112382,0.44809506403086763,0.3162153742822809
0.3693128053642788,0.4449066523034736,0.31014789374378904
0.3671419498346083,0.4415057831815402,0.3044373148303159
0.3646023268637183,0.4378764048976064,0.2991034697957645
0.36169037061100473,0.43400176866118495,0.2941695035167323
0.35840002104701496,0.4298647112332944,0.28966231981965446
0.35472289119121886,0.4254479796103724,0.2856130715274621
0.35064847336431815,0.42073461760259,0.2820576925489039
0.34616439121353104,0.41570843664240886,0.2790374668531076
0.3412567074048658,0.4103545959809508,0.27659962437712227
0.3359103001909609,0.4046603204085624,0.27479794735263646
0.33010932556615824,0.3986157865451643,0.2736933616824618
0.3238377853823762,0.3922152111990944,0.2733544762519685
0.3170802255277859,0.3854581766821462,0.27385801778844143
0.3098225918789131,0.37835122738627647,0.2752890894650873
0.30205327490349654,0.3709097680775869,0.27774115740256267
0.29376437600548516,0.3631602854651094,0.28131564039105694
0.28495322920154936,0.35514289831135054,0.28612094500706564
0.2756242094130861,0.3469142147319659,0.29227075236450417
0.26579085206824565,0.33855043493852766,0.29988132722814087
0.255478295912457,0.33015057984832297,0.30906759078843643
0.24472603956402744,0.3218396474665444,0.319937684051568
0.2335909697387446,0.3137713980293481,0.33258576271912393
0.2221505724853686,0.30613034721404614,0.34708282444195004
0.2105061760387971,0.29913241181774836,0.363465497397177
0.19878599430969437,0.2930235208549723,0.38172293904455185
0.1871476457766182,0.2880754061936083,0.4017823260485606
0.17577972054322163,0.2845777645575215,0.42349386849366516
0.164901872255392,0.2828260946919931,0.44661683535349966
0.15476284359000256,0.2831048240472146,0.47080867282808897
0.14563582505290104,0.28566590282461424,0.49561981435882113
0.13781063403361074,0.2907038763502882,0.5204970407279194
0.13158242092027048,0.29832949274851284,0.5447980270837045
0.12723698497376587,0.3085449984010947,0.5678187976013869
0.12503330812070065,0.3212251380848685,0.5888340865163317
0.12518453651977787,0.33610814923077703,0.6071481800243899
0.12783924839863464,0.35280038129419766,0.6221510922567839
0.13306528598496017,0.37079641957464043,0.6333726096944218
0.1408385305345661,0.3895139171450176,0.6405256568494465
0.15103863834423759,0.4083393026087047,0.6435312567763444
0.16345291527302783,0.42667798380371613,0.642520231992466
0.1777883159055292,0.4440014520141868,0.637811145307525
0.1936902698305916,0.4598842853514243,0.6298686325710262
0.2107659765140689,0.4740263207807768,0.6192498584064265
0.22860923438747222,0.4862584944551734,0.6065483290426747
0.2468238951931241,0.4965340395985809,0.5923434870886868
0.265043597232675,0.5049090133114819,0.5771619479880983
0.282946326318583,0.5115170724551895,0.5614529384417201
0.30026332370920994,0.5165431136646561,0.5455774823396209
0.3167826868184884,0.5201992606465791,0.529808810135479
0.3323485648575108,0.5227052497041385,0.514340531734909
0.3468571126875381,0.5242739554013236,0.499299128697031
0.3602503809785275,0.5251018432869019,0.4847579313264595
0.3725091726085069,0.5253635862243053,0.47075059208396197
0.38364566806849737,0.5252098703933975,0.45728288859441496
0.39369638147659425,0.5247674362961372,0.4443423481017993
0.4027157938526055,0.5241405425018737,0.43190563899220535
0.41077083989936825,0.5234132255848765,0.41994394210412533
0.4179363017669483,0.5226519098911588,0.4084266389520805
0.42429108267230425,0.5219080718805851,0.39732368327970335
0.42991528587809874,0.5212207790506046,0.38660699653802716
0.43488800117266313,0.5206190052646539,0.3762511759160071
0.4392856936961765,0.5201236789249263,0.366233744032597
0.443181092595491,0.5197494547849463,0.3565351128828365
0.44664248518865696,0.5195062204065002,0.347138386133441
0.44973333315755115,0.5194003591015056,0.33802908497560685
0.4525121389262737,0.5194357961058449,0.32919485314670377
0.45503250174467547,0.5196148560524526,0.32062517520468486
0.45734331350022717,0.5199389590679057,0.3123111271527873
0.4594890536600166,0.520409180962829,0.3042451685682665
0.46151015091709563,0.5210267005978808,0.29642097917345717
0.46344338610604013,0.5217931549223171,0.2888333392270306
0.4653223168406929,0.5227109195936943,0.28147805137516335
0.46717770921693597,0.5237833306001533,0.27435190106744883
0.4690379659271119,0.5250148599734878,0.26745265286854264
0.47092954336075454,0.5264112565224697,0.26077908068058425
0.4728773528219214,0.527979660531718,0.25433103083518505
0.4749051429701824,0.5297286995474926,0.24810951809538165
0.4770358620723949,0.5316685706825937,0.24211685575901812
0.47929199970585473,0.5338111132827243,0.23635682224276333
0.4816959082376548,0.5361698742613948,0.23083486773965264
0.4842701047644778,0.5387601668749281,0.2255583657835077
0.4870375542624688,0.5415991221076739,0.22053691582485443
0.4900219344850938,0.5447057300917015,0.21578270422482024
0.4932478826599477,0.5481008670017872,0.21131093239405602
0.49674122325931164,0.5518073005345842,0.20714032211080732
0.5005291750224483,0.5558496642691979,0.20329370928242732
0.5046405339395168,0.5602543877605055,0.1997987384585787
0.5091058269956249,0.5650495649570716,0.19668867108700294
0.5139574290234468,0.5702647382585948,0.194003320556016
0.5192296319031737,0.5759305690101366,0.19179012609446547
0.5249586514321695,0.5820783572418378,0.1901053750250767
0.5311825522915248,0.5887393637923198,0.18901557787738793
0.5379410654713255,0.5959438764560685,0.18859899233343633
0.5452752650830782,0.603719948469146,0.1889472783710655
0.55322706250729,0.6120917227649255,0.19016724625635184
0.5618384651805373,0.621077239732718,0.19238262860758587
0.5711505350396874,0.6306856111999952,0.1957357643797649
0.5812019679837634,0.6409134317173013,0.20038902252428722
0.5920272013869267,0.6517402943877049,0.20652571222289356
0.6036539430832454,0.6631232893569223,0.21435012133620232
0.616100004766236,0.6749903988769552,0.2240861930918812
0.6293693193215637,0.6872327778736975,0.23597419504837908
0.6434470312039023,0.6996960419646705,0.25026456352526044
0.6582935801520062,0.71217089848247,0.2672079433371479
0.6738377628896142,0.724383773858702,0.28704032900623094
0.6899688694538824,0.7359885306944921,0.3099622197009643
0.7065281665628588,0.7465609299051413,0.336110930370378
0.7233002545649394,0.7555981392416447,0.365525794571788
0.7400051637353844,0.7625262151758102,0.3981071073937367
0.7562924684777146,0.7667188902299085,0.433571420828001
0.7717391400310993,0.7675308665486326,0.47140823838788914
0.7858532360519953,0.7643477367537544,0.5108460376269447
0.7980856845852268,0.7566522124794307,0.5508382617365445
0.8078521510393497,0.7441023346251192,0.5900813584987075
0.8145660556827573,0.7266120838708611,0.627075608316273
0.817682086620155,0.7044194607081691,0.6602339337957458
0.8167470895937488,0.678123739584402,0.6880336082643073
0.8114524175570849,0.6486747619438961,0.7091922400128287
0.8016794871530616,0.6173046498578458,0.7228366072652413
0.7875294473872534,0.5854057667124992,0.7286266200625867
0.7693293786165364,0.554374469784993,0.7268018775350896
0.7476114680344547,0.5254520992965128,0.7181358227288538
0.7230672657508336,0.4995970291109851,0.7038071742387572
0.6964846477987517,0.47741261020890347,0.6852205400801029
0.6686785875363892,0.4591390318687062,0.6638188582378066
0.6404271381081013,0.44469967337321376,0.640926160174299
0.6124213486532285,0.433781112766033,0.6176438621355178
0.5852334823173002,0.42592342541482625,0.5948052808357102
0.5593035352270151,0.4206021689187488,0.5729786205290867
0.5349409083777174,0.4172915510610788,0.5525016922670544
0.5123366070337337,0.4155059572737489,0.5335314808875826
0.49158130472744277,0.41482220821125687,0.5160955965173604
0.4726854537299241,0.4148873105358925,0.5001377559888435
0.45559879301956685,0.415416761410318,0.48555386438169407
0.44022771298143676,0.41618763042161017,0.4722182769134455
0.42644979725372345,0.4170294388170273,0.46000145307111256
0.4141254377050999,0.4178147322859479,0.4487808364290925
0.4031067492259977,0.4184503817137908,0.4384468122815839
0.3932441644469362,0.41887006745837746,0.42890532651298074
0.38439112939354647,0.41902805599824156,0.4200783918680593
0.37640729943851337,0.41889419499265135,0.4119033664308915
0.3691605843941192,0.4184499735744806,0.404331606630585
0.36252833247776994,0.4176854746259616,0.3973268823632764
0.35639788600118627,0.4165970556767073,0.3908637879731642
0.35066669183830446,0.4151856174493552,0.38492627763264975
0.34524210845717385,0.41345534444046217,0.37950638464457487
0.34004101824945665,0.41141282565224035,0.37460314075213347
0.33498932799897063,0.4090664838652551,0.37022168543849165
0.3300214203325172,0.40642625828687684,0.3663725403642169
0.32507960368319055,0.4035034982946434,0.36307101623655696
0.3201135966202916,0.4003110357962295,0.36033671559073105
0.31508007349339523,0.39686341091696226,0.35819309323976056
0.30994229149537633,0.3931772306654528,0.3566670352793319
0.30466981389330516,0.38927164314796714,0.35578841679678613
0.2992383398239163,0.38516891090347777,0.355589597491198
0.29362964728171564,0.3808950660065249,0.3561048132306358
0.2878316523613288,0.3764806266493369,0.35736942038167857
0.28183858409196944,0.3719613498464702,0.3594189490240776
0.27565126997512135,0.3673789875990531,0.36228792164490353
0.26927752227592705,0.3627820042928306,0.36600839659308565
0.26273260892192896,0.3582262014456178,0.37060820173556525
0.25603978528329563,0.3537751826241191,0.37610883489578767
0.24923085400110553,0.34950057731409556,0.38252302542864747
0.24234670941483,0.34548192923767324,0.3898519773212582
0.23543781128650582,0.3418061442792604,0.3980823498107022
0.22856452004546501,0.33856638882263324,0.4071830772174226
0.22179721375345415,0.33586033468798815,0.41710218468978333
0.21521609702141117,0.3337876662603135,0.4277638179723099
0.20891060637171704,0.33244680303356205,0.4390657675303764
0.2029783177149687,0.3319308498921868,0.4508778215311068
0.1975232726716228,0.33232286897386326,0.46304131620397393
0.1926536642692989,0.3336906680630439,0.4753702515230663
0.18847886118691512,0.33608141305162126,0.48765429017636597
0.1851058037272596,0.3395164818376973,0.49966384666014485
0.1826348721518507,0.3439870641375206,0.5111572967544648
0.18115540378134343,0.3494510526017848,0.5218901033687751
0.18074111074583216,0.3558317428656845,0.5316253859964838
0.1814457138708476,0.3630187484255333,0.5401451966645135
0.1832991468304705,0.370871339087585,0.5472615554003855
0.18630468631407773,0.3792241465212559,0.5528261945091464
0.19043732054641033,0.38789488400316585,0.5567380031450961
0.19564357907249258,0.3966934508862425,0.558947366141263
0.20184291901449458,0.40543159014928765,0.5594569338997925
0.2089306132517006,0.41393218331990467,0.5583187893321028
0.2167819362484564,0.42203732136234373,0.5556284161146068
0.2252573169631354,0.42961447281482484,0.5515162384649065
0.23420804490517017,0.43656034354506745,0.5461377318517173
0.2434820861742952,0.44280233048946804,0.5396631652352505
0.25292959197131876,0.44829775687504975,0.5322679359467377
0.2624077535217871,0.45303129305421164,0.5241242380576472
0.2717847586555303,0.4570110908001867,0.5153945220642686
0.2809427178769027,0.4602641882637083,0.5062269171067688
0.2897795346036445,0.4628316945754568,0.4967525434070524
0.29820978277087967,0.46476416410507326,0.4870844690959194
0.3061647183475441,0.4661174490321641,0.4773179690361317
0.31359158810405957,0.46694919883283326,0.4675317151290882
0.32045241195031504,0.4673160724152732,0.45778955064294746
0.3267224095047037,0.46727165073497307,0.44814255556870214
0.3323882232556646,0.4668649860218978,0.4386311781822524
0.3374460653730909,0.4661396952314455,0.4292872765389426
0.34189988750584627,0.46513349488882705,0.4201359741637
0.3457596460519299,0.46387807662239544,0.41119728266298894
0.3490397114528752,0.4623992324708751,0.40248747950429203
0.35175745006286924,0.46071715266513547,0.39402025290938947
0.3539319913488098,0.45884683333275184,0.3858076398062965
0.35558318138123957,0.4567985457608212,0.377860789476274
0.35673071530253914,0.45457833156123295,0.37019058715329733
0.35739343612257607,0.4521884989355394,0.36280817024473666
0.3575887841997006,0.44962810419940824,0.35572536646211844
0.35733238057374317,0.4468934099592099,0.34895507897676
0.3566377274633824,0.4439783170876277,0.34251163938675927
0.35551601034560626,0.44087477220130156,0.33641114515935305
0.3539759878059483,0.4375731559725068,0.3306717944492653
0.35202395756455795,0.4340626605516736,0.3253142277965929
0.3496637895868183,0.4303316668441348,0.3203618830842141
0.346897019869916,0.42636813453803535,0.315841367123781
0.3437230012885021,0.42216001974280665,0.31178284413219615
0.3401391107406514,0.4176957369441183,0.3082204379113894
0.33614101473380686,0.4129646837335114,0.30519264047614725
0.33172299846949477,0.4079578483864942,0.30274271488221294
0.3268783664002277,0.40266852171872464,0.30091907376015825
0.3215999250986583,0.39709313551986486,0.29977560721532104
0.3158805620200734,0.3912322498902134,0.2993719239722457
0.3097139362238203,0.3850917104599367,0.299773457630185
0.3030952991397321,0.37868399302130634,0.3010513754715198
0.29602246471026294,0.3720297465731635,0.3032822104590368
0.28849694826030575,0.3651595349167162,0.3065471182712582
0.28052529162861684,0.3581157602409844,0.31093064144334553
0.2721205876243334,0.350954727881484,0.31651884376192285
0.2633042087236825,0.34374877787436375,0.3233966630840551
0.2541077318711824,0.3365883645832132,0.33164432439544983
0.24457503193859106,0.329583909878106,0.34133266381607874
0.23476448948177978,0.32286718904473205,0.3525172471282238
0.22475122286697094,0.31659193547893927,0.3652312338092164
0.21462921028314091,0.3109332780706033,0.37947705089990663
0.2045131146362716,0.3060855673287294,0.3952171103982918
0.1945395670107778,0.30225812264523505,0.41236403424706947
0.18486760852507406,0.2996684699767841,0.43077113688200996
0.1756779461051013,0.29853276704072895,0.4502242339108224
0.16717065923623167,0.2990533604766874,0.47043614994950633
0.15956101989464205,0.3014038029504789,0.49104551427581744
0.15307317549140695,0.3057121684280355,0.5116214607171873
0.14793161027854226,0.3120440900625823,0.5316755802559793
0.14435054969644245,0.32038750486874823,0.5506818255463237
0.1425217921679721,0.3306414717681683,0.5681040164233812
0.14260180711125559,0.3426114612189557,0.5834292371107387
0.1446992638478065,0.3560130507224624,0.5962039801253936
0.1488643724885586,0.37048495268336784,0.6060687291900773
0.15508144319224904,0.38561085677493523,0.6127861726076281
0.16326584874619068,0.400947967680764,0.6162586934123914
0.17326610414718477,0.41605875877686305,0.6165322514120498
0.18487112030168404,0.4305417370371808,0.6137859987142655
0.1978219721840652,0.4440571656412933,0.6083094249467703
0.21182689880114722,0.4563447008502234,0.6004708748861469
0.22657785949004416,0.4672314863881118,0.5906824043809229
0.24176688406682717,0.47663096955275874,0.5793659290743972
0.25710066676637666,0.4845341221360456,0.5669246192520431
0.27231228616125946,0.4909955822263988,0.5537219095555013
0.28716946528476245,0.4961174143724195,0.5400688123049651
0.3014792982805397,0.5000328387901647,0.5262188444807986
0.3150897745959072,0.5028916290867093,0.5123690103162345
0.3278886877484157,0.504848150291594,0.49866494232123715
0.3398006242376661,0.506052371985704,0.4852083809235393
0.3507827186209195,0.506643729636466,0.4720655020398189
0.3608197740206544,0.5067474346314003,0.45927502839067014
0.3699192227164994,0.5064727195311804,0.4468554731896729
0.37810626943564896,0.5059125017577897,0.43481120277319807
0.3854194399234135,0.5051440093545565,0.4231372471932284
0.39190665898761806,0.5042300000133647,0.4118229401088795
0.3976219079984143,0.50322029527162,0.4008545493675472
0.40262246002080065,0.5021534325600296,0.39021708850009024
0.4069666575486158,0.501058303346445,0.379895495901433
0.4107121788524564,0.49995569542780893,0.3698753474260698
0.4139147302277853,0.49885969332788554,0.36014323971296314
0.4166270996081546,0.4977789154888416,0.35068695216997786
0.41889850954428365,0.49671758323686604,0.3414954687423794
0.42077421260049264,0.49567642670869283,0.3325589179681458
0.42229527851686,0.49465343889810853,0.3238684717815456
0.4234985291934727,0.4936444920930872,0.3154162297861158
0.4244165841492027,0.4926438322045087,0.3071951056786211
0.4250779852839469,0.49164446651524757,0.29919872546565157
0.4255073753667096,0.49063845966546776,0.2914213423962962
0.4257257096124463,0.4896171515465806,0.28385777054428907
0.42575048398754334,0.48857130940986015,0.2765033372243658
0.4255959675225736,0.4874912250440498,0.2693538535403716
0.4252734289578811,0.48636676643069077,0.2624056020527364
0.4247913505599401,0.48518739190606797,0.25565534061612005
0.4241556239862997,0.4839421335828352,0.2491003217338488
0.4233697247068396,0.48261955563616504,0.24273832721246352
0.42243486276960546,0.4812076920524356,0.23656771842163019
0.4213501086878527,0.4796939675805384,0.23058750304212428
0.42011249397408135,0.4780651049209162,0.22479741980608586
0.41871708640544913,0.4763070206384111,0.21919804340014187
0.4171570405175067,0.474404711895905,0.21379091242241086
0.4154236241306712,0.47234213588361573,0.20857868407313107
0.41350622195449094,0.4701020837758792,0.20356532013290032
0.4113923175252082,0.46766605120262106,0.19875630976053232
0.409067454948839,0.4650141076054857,0.19415893574173046
0.4065151821828382,0.4621247675001336,0.18978259205442302
0.40371697793566425,0.45897486764361617,0.18563916199466385
0.40065216474221377,0.4555394554856016,0.1817434676255103
0.39729781143964144,0.4517916961651416,0.17811380294949222
0.39362862918974373,0.4477028078302673,0.1747725649145236
0.3896168664536264,0.44324203837001397,0.17174699805211222
0.3852322100244202,0.43837670096113107,0.16907007006042243
0.38044170149168444,0.4330722913918642,0.16678149673429404
0.37520968150384343,0.42729271722410517,0.16492893492523306
0.369497778103892,0.4210006778224936,0.16356936110924009
0.3632649604675835,0.41415824546474467,0.16277064980189937
0.3564676858387116,0.40672771148344083,0.16261335927118337
0.34906017563005043,0.3986727779169977,0.16319272004589802
0.34099486685070246,0.38996019449079056,0.16462080224342585
0.33222309751532003,0.38056196250768143,0.16702880757954527
0.32269609967737345,0.37045825024574597,0.17056938695932336
0.31236639118340015,0.35964118633394504,0.17541881964645606
0.30118967673930597,0.34811971392604457,0.18177879913893424
0.28912738928480125,0.3359256919806306,0.1898774476265874
0.27615002172528724,0.32312140901847186,0.19996901968300454
0.26224141276857965,0.30980861214641553,0.21233155427405548
0.24740415242089323,0.296139025739067,0.227261497274872
0.23166625260950705,0.2823261084119192,0.24506406363861266
0.21508917203088684,0.2686574366952887,0.26603788229464886
0.19777717237663606,0.25550657278523586,0.2904523476672106
0.1798877919573222,0.24334255047531608,0.3185162196617674
0.1616429274389298,0.2327342171563004,0.3503365582675459
0.14333959558343187,0.2243457007158995,0.3858682892212914
0.12535890397539337,0.21891846079596483,0.424856818224366
0.10817113154338347,0.2172351469306554,0.46677928531005836
0.09233421120639909,0.2200614218765836,0.5107941290213803
0.07848251471572418,0.22806470876216953,0.5557129158943678
0.06730295858256455,0.24171399530266843,0.6000114113082052
0.05949643292510045,0.2611722214208211,0.6418963790995547
0.05572469521968139,0.2862009829830825,0.6794381279168447
0.05654619576528748,0.3161033205845329,0.7107649702570092
0.0623483312909966,0.34973016319760847,0.734296015854899
0.07328723560170364,0.38556617811067684,0.7489687945056897
0.08924782379834725,0.42189132146467,0.754407221421027
0.10983496955081552,0.4569906287435984,0.7509819322268368
0.13440101385260303,0.48936649465370763,0.7397410972107276
0.16210656901182527,0.5179043177473264,0.7222273318255663
0.19200355977180178,0.5419569396652851,0.7002295041137018
0.22312464727439135,0.5613395687427032,0.6755324863432917
0.2545632844023243,0.5762528051310418,0.649718605048395
0.2855331304162242,0.5871664813631632,0.6240491732582059
0.3154021599511627,0.5946979246336606,0.5994265783862238
0.3437029307989448,0.5995087802936014,0.5764179924114221
0.3701244194106833,0.6022316292597785,0.5553146750661002
0.39449221864972955,0.6034268854692417,0.5362035174010058
0.4167433279830821,0.6035642418462835,0.5190348481103363
0.43690020377113115,0.603020917346961,0.5036782761202835
0.4550469824355923,0.6020896107326973,0.48996419383313994
0.47130931189196573,0.6009908507223846,0.477712015855575
0.4858381916445913,0.5998863270413756,0.4667477324768345
0.49879760601590156,0.5988913146040309,0.4569136320358177
0.5103554361240908,0.5980853495398903,0.4480727048431879
0.5206770428460917,0.597520944703363,0.4401096864648188
0.5299209349123994,0.5972304614106969,0.43293014585535766
0.5382360117820124,0.5972313939236025,0.42645856440775615
0.5457599629094818,0.5975303562454383,0.4206360060941931
0.552618493819031,0.5981260411259002,0.41541773529085785
0.5589251264252325,0.5990113806353541,0.4107709759189471
0.5647813838768347,0.6001750932371528,0.4066729013135543
0.570277219540643,0.6016027618755716,0.40310888057891053
0.575491587550745,0.6032775540923205,0.4000709704246682
0.5804930808905546,0.6051806689285872,0.39755662191413127
0.5853405843592702,0.6072915755966667,0.3955675626173329
0.5900839057783461,0.6095880945011435,0.394108812046392
0.5947643608377633,0.6120463610537158,0.3931877892427076
0.5994152961651383,0.6146407059141316,0.3928134743531972
0.6040625423576962,0.6173434810448707,0.39299559007060536
0.6087247944749065,0.6201248586949804,0.39374377349833356
0.613413922315019,0.6229526296533207,0.395066714227658
0.6181352170338433,0.6257920274265464,0.39697124028107184
0.622887584549489,0.628605606016163,0.3994613402938597
0.6276636998648216,0.6313532002838911,0.4025371181389293
0.632450139998908,0.6339919990415369,0.4061936853917265
0.6372275166335557,0.6364767614386693,0.4104200077397895
0.6419706327448614,0.6387602063225457,0.41519773365763607
0.6466486902003571,0.640793601315945,0.4205000471357047
0.6512255772595721,0.642527572683523,0.42629060038084937
0.6556602657267117,0.6439131479784104,0.4325225961960288
0.6599073467019299,0.6449030304985867,0.43913810174909124
0.6639177309588683,0.6454530875903861,0.4460676837735146
0.6676395344603975,0.6455240141756111,0.45323045770096054
0.6710191610382861,0.6450831095870151,0.46053463749773216
0.6740025826434457,0.6441060817077539,0.4678786570057187
0.6765368029846638,0.6425787701681378,0.4751529060310453
0.6785714734104142,0.6404986632684645,0.4822420851840924
0.6800606116489473,0.6378760750011472,0.48902813419451013
0.6809643561147651,0.6347348524367401,0.49539363280145926
0.6812506729449028,0.6311125022709018,0.5012255170937008
0.6808969219983029,0.6270596592642605,0.5064189046651061
0.679891183902613,0.6226388671051317,0.510880787089221
0.6782332545649555,0.6179226997815419,0.5145333351664616
0.6759352272204597,0.6129913124435195,0.5173165760088385
0.6730216047519264,0.6079295670606757,0.5191902424755337
0.6695289150460084,0.6028239218534465,0.5201346614914967
0.665504836713949,0.5977592977938856,0.5201506307906836
0.6610068778924879,0.592816136510554,0.5192583228538002
0.6561006830362628,0.5880678414382733,0.5174953382172898
0.6508580679394818,0.5835787515490882,0.514914096890117
0.645354898950151,0.5794027410587773,0.5115787983851235
0.6396689371050399,0.5755824773835874,0.5075621943281495
0.6338777618849205,0.5721493116325297,0.5029424039472382
0.628056874024179,0.5691237279243705,0.49779996716017005
0.6222780548762582,0.5665162442240905,0.49221528020204003
0.6166080343074963,0.5643286397962279,0.4862665032814665
0.6111074930153466,0.5625553818120484,0.48002797633456423
0.6058304011387209,0.5611851333020852,0.47356913335726947
0.6008236749198856,0.5602022427110788,0.4669538714302013
0.5961271180388653,0.5595881378357088,0.46024030846277264
0.5917736043538973,0.5593225704353555,0.45348085306397146
0.5877894538123332,0.55938467967599,0.44672250877122976
0.5841949524999906,0.5597538611268081,0.4400073405523704
0.58100497021623,0.5604104424866841,0.43337304143062416
0.578229633596942,0.5613361774737493,0.4268535489949387
0.5758750187366097,0.5625145757366105,0.4204796736897209
0.5739438337123719,0.5639310898706688,0.4142797119300396
0.5724360677963939,0.5655731813725914,0.4082800265647461
0.5713495900455982,0.5674302863444411,0.40250558471696446
0.5706806851260002,0.5694936995828294,0.3969804485592302
0.5704245185371212,0.5717563928575955,0.3917282182952199
0.570575526821274,0.5742127800792465,0.3867724287751955
0.5711277309111068,0.5768584389483273,0.38213690204540424
0.5720749725674701,0.5796897957603804,0.3778460579826143
0.5734110749932688,0.5827037774308609,0.373925184213561
0.5751299292932472,0.5858974325868822,0.3704006649366868
0.5772255086031882,0.5892675218054141,0.3673001661745745
0.5796918115519512,0.5928100758118073,0.3646527724754592
0.5825227363608116,0.5965199197451352,0.36248906721044466
0.5857118864400918,0.600390161520263,0.3608411454284145
0.5892523079279313,0.6044116429657799,0.359742544790088
0.5931361593502613,0.6085723539132825,0.3592280764929185
0.5973543135936881,0.6128568119043265,0.35933353446063276
0.6018958928158318,0.617245413833983,0.360095257628745
0.6067477379272588,0.6217137708379517,0.3615495172473102
0.6118938160365188,0.6262320442090186,0.3637316992268254
0.617314571936016,0.6307643081970736,0.36667525132929496
0.6229862335020288,0.6352679751913912,0.3704103673047904
0.6288800859482154,0.6396933298030978,0.3749623859382694
0.6349617363200791,0.6439832302758461,0.38034989360286536
0.6411903974672978,0.6480730475780302,0.3865825355807901
0.6475182298507948,0.6518909230924985,0.3936585652745661
0.6538897895804673,0.6553584330519376,0.4015621922816548
0.6602416413867249,0.6583917491866679,0.4102608301874061
0.6665022047784408,0.660903377347238,0.41970239165810663
0.6725919089772018,0.6628045357704169,0.42981282903768203
0.6784237354573851,0.6640081990601594,0.4404941679677963
0.6839042238306994,0.6644327807804851,0.45162332183998777
0.6889350050211178,0.6640063568073906,0.46305199608408804
0.6934149030363438,0.6626712464993688,0.47460798187222625
0.6972426117616966,0.6603886768045376,0.48609808758066464
0.7003199060868783,0.657143167814123,0.4973128551905607
0.702555289392084,0.6529462133062417,0.5080330560952953
0.7038679165964302,0.6478388048941831,0.518037764718882
0.7041915709090872,0.6418923803609363,0.527113589125598
0.7034784225799581,0.6352078761687939,0.5350644272244054
0.7017022696639267,0.6279127303253862,0.5417209547369145
0.6988609633374148,0.6201558995803651,0.546948976321434
0.6949777594361584,0.6121011945418802,0.5506558135297048
0.6901014138270891,0.6039194576694517,0.5527940719998519
0.6843049453946028,0.5957802702429797,0.553362408661685
0.6776831137475957,0.5878439419332294,0.552403265344162
0.6703487817675384,0.5802544950563897,0.5499978883185702
0.6624284373973471,0.5731342123685643,0.5462592511352856
0.6540572191960083,0.5665801010067224,0.5413236903247667
0.6453738170512499,0.5606623781897742,0.5353421244417684
0.6365156019674159,0.555424851321214,0.5284716599673629
0.6276142836198229,0.5508868826144221,0.5208682213604993
0.6187923135180425,0.5470465172245319,0.5126806206175777
0.6101601596635564,0.5438843176506313,0.5040462500547461
0.6018144892534456,0.5413674749280388,0.4950883785279378
0.5938372198449126,0.539453839255877,0.4859148795643777
0.5862953427059765,0.53809560726012,0.47661812820752686
0.5792413867795255,0.5372425008105243,0.46727576758449335
0.572714376280575,0.5368443594096088,0.457952054316283
0.5667411357407826,0.5368531370263863,0.44869952895254045
0.5613378086815588,0.5372243425395461,0.439560809394616
0.5565114754574236,0.5379179920967859,0.4305703604418072
0.5522617782593805,0.5388991551648897,0.42175614348956464
0.5485824838584457,0.540138178017054,0.4131410928100116
0.5454629354436848,0.5416106628498892,0.40474439725334643
0.5428893627667742,0.543297270923528,0.3965825889517694
0.5408460343056104,0.5451834065093243,0.38867045504071773
0.5393162463161246,0.5472588266445542,0.38102179630458555
0.5382831517426218,0.5495172107084207,0.3736500597831774
0.5377304374287636,0.5519557141378397,0.3665688722986805
0.5376428613820905,0.5545745223551052,0.35979249982172645
0.5380066634455821,0.5573764141403321,0.35333625449954803
0.5388098630210052,0.5603663380973021,0.34721686763203913
0.5400424568075969,0.5635510013321872,0.3414528432701021
0.5416965281370204,0.5669384657825277,0.3360648036024317
0.5437662776115674,0.5705377446058741,0.3310758339285774
0.5462479825446793,0.5743583884993995,0.3265118317234368
0.5491398902756808,0.5784100496462321,0.3224018609451695
0.5524420478663605,0.5827020090874933,0.3187785091374947
0.5561560680459021,0.5872426516680351,0.31567824080350904
0.5602848286015674,0.592038871326124,0.31314173572937565
0.5648320997643437,0.5970953884939225,0.3112141951430717
0.5698020915728356,0.6024139609390855,0.3099455915330367
0.5751989108030746,0.6079924698138923,0.30939082937030776
0.5810259149580695,0.6138238644319662,0.30960977367782516
0.5872849492129959,0.6198949529741722,0.3106670912887958
0.5939754513889002,0.6261850327334575,0.31263183585174886
0.601093410367211,0.6326643636394567,0.315576692621691
0.6086301653784119,0.6392925038330894,0.31957678377357757
0.6165710379696179,0.6460165472752825,0.32470792105416296
0.6248937960000948,0.6527693320200192,0.3310441826943104
0.6335669606864225,0.659467724800604,0.3386546895180652
0.6425479845435897,0.666011133171149,0.3475994664364322
0.6517813510051705,0.6722804494462349,0.35792430681963716
0.6611966762264562,0.6781376877193709,0.3696546166049834
0.6707069301163354,0.6834266297538256,0.38278831072680897
0.6802069359306034,0.6879748368107538,0.39728797342513517
0.6895723530043357,0.691597397034724,0.4130726787998564
0.6986593902643462,0.6941027419398479,0.43001009294922493
0.7073055310247167,0.6953007584585646,0.4479097254031245
0.7153315611873562,0.6950132245516415,0.46651842895362916
0.7225451699072342,0.6930862955532475,0.4855194071616639
0.7287463200214231,0.6894043736174258,0.5045360046812017
0.7337344538168169,0.6839042420830068,0.5231413485624465
0.7373174042994282,0.6765879153422438,0.54087441672895
0.7393216323572394,0.6675323523184403,0.5572623176741499
0.7396031330336055,0.6568941341416067,0.5718475366167177
0.7380580952911852,0.6449075221711125,0.5842177991706888
0.7346322188266751,0.6318750346949682,0.5940352723770154
0.7293275500610881,0.6181507460380149,0.601061348074445
0.7222058421803421,0.6041177342806605,0.6051734644226919
0.7133877800811591,0.5901622042973674,0.6063713944204209
0.7030479012662048,0.5766474971868227,0.604772024665762
0.6914056030526992,0.5638912582055886,0.6005935163863237
0.6787131428792889,0.5521484362243743,0.5941314289018043
0.6652419044195088,0.5416016846787126,0.5857304823833168
0.6512683467003881,0.5323594226826572,0.5757559159778667
0.6370609623215807,0.5244606240927647,0.564567882938267
0.6228692869661692,0.5178845832679795,0.5525012550112632
0.6089156069434539,0.5125635666291206,0.5398519279128708
0.5953895962254196,0.5083963597882518,0.5268695508803326
0.5824457557094617,0.5052611234446185,0.5137557578070419
0.5702032710991796,0.5030265086468759,0.5006665281927482
0.558747764764952,0.5015605091162947,0.4877172118449456
0.5481343785094485,0.5007369539809791,0.474988907394904
0.5383916613958141,0.500439832773309,0.46253517319022747
0.5295258192938616,0.5005658015827427,0.45038837175092333
0.5215249840141856,0.5010252730333782,0.4385652410915555
0.5143632605807824,0.5017424779547076,0.42707151597426724
0.5080043997884123,0.5026548343358599,0.4159055822538943
0.5024050145113009,0.5037118925298782,0.4050612452448289
0.4975173114918684,0.5048740593893529,0.39452974224951726
0.49329134731771557,0.5061112458254009,0.3843011447819968
0.489676840911233,0.5074015351366565,0.37436529039888017
0.48662458824902594,0.5087299334242222,0.3647123671939232
0.48408753105108027,0.510087237127478,0.35533325267060717
0.4820215321830205,0.5114690343136735,0.3462196870987322
0.48038590830954264,0.5128748439747387,0.3373643419168628
0.47914376624736216,0.5143073896247857,0.328760827306505
0.4782621844188141,0.5157719986738446,0.3204036699752221
0.47771227542525824,0.5172761164106217,0.3122882822302971
0.47746916044252574,0.518828922252325,0.3044109361714911
0.4775118811309572,0.520441035706936,0.29676875178247614
0.47782327018365256,0.5221242998851223,0.28935970437419395
0.47838979756869926,0.5238916311434841,0.2821826548079022
0.4792014059663534,0.5257569243600352,0.2752374048546757
0.4802513458411458,0.5277350043094009,0.26852477966120986
0.48153601798270373,0.529841614526055,0.2620467393865285
0.48305482914668824,0.5320934358483825,0.255806522504925
0.48481006457054393,0.5345081274677062,0.24980882393589743
0.48680677956555285,0.5371043837152402,0.24406001199335048
0.48905271103234865,0.5399019999587977,0.23856838909722894
0.49155820854509563,0.542921940799864,0.2333445022263506
0.4943361835312977,0.5461864032032928,0.22840151017962868
0.4974020739679265,0.5497188661884618,0.2237556158154934
0.5007738208437928,0.5535441171796324,0.21942657250035508
0.504471851319713,0.5576882429540819,0.21543827493089648
0.5085190619598213,0.5621785702186625,0.21181944517079596
0.5129407935055071,0.5670435370473449,0.2086044249629705
0.5177647863000157,0.5723124715643151,0.20583408485324392
0.5230211025130544,0.5780152481891597,0.20355685897181744
0.5287419976110241,0.5841817843088222,0.20182991087310295
0.5349617189065442,0.5908413312786088,0.2007204298113948
0.5417162033316347,0.5980215031445609,0.20030704711348196
0.5490426396529666,0.6057469745596004,0.20068134741609508
0.5569788520641521,0.6140377664805163,0.2019494275458249
0.5655624524149565,0.6229070253311216,0.20423342432958777
0.5748296974002589,0.632358190137185,0.20767288876666512
0.5848139752439487,0.6423814356010924,0.2124258245772376
0.5955438346410435,0.6529492818014837,0.2186691310255683
0.6070404585293417,0.664011280094807,0.22659809076882947
0.6193144792359159,0.6754877297302553,0.23642442315821482
0.6323620336931043,0.6872624639704569,0.24837228621073923
0.6461599736219418,0.6991748848365227,0.26267146854184237
0.6606601839823759,0.7110116408447062,0.27954689070882743
0.6757830341519475,0.7224986499150784,0.29920347701930067
0.691410102760096,0.7332945794173975,0.32180553176949495
0.7073764918140694,0.7429873961366532,0.3474500538260696
0.7234632885626651,0.7510961413576803,0.37613406974554153
0.7393910450127319,0.757080559418165,0.40771718110304894
0.7548155068883855,0.7603614179412804,0.4418821870550079
0.769327186764941,0.760354020837382,0.47809881730575504
0.7824566474796443,0.7565161901626147,0.515598020779329
0.7936874002240402,0.7484095831065197,0.5533662866222895
0.8024779486933297,0.7357695521206958,0.5901701315081042
0.8082935542406863,0.7185742736096181,0.6246189416947756
0.8106466732183686,0.6970996895526769,0.6552687884875976
0.8091428411018818,0.6719447274841593,0.6807605604821189
0.803526456826344,0.6440132715675754,0.6999744021690927
0.7937191600773617,0.6144466122699288,0.7121725978210421
0.7798431284889656,0.5845117774574267,0.717099331563659
0.7622232659248764,0.5554639007751679,0.7150117245667827
0.7413658983057748,0.5284096634685782,0.7066321216963752
0.7179163941857246,0.5041996427124722,0.6930320025042146
0.6926026059900268,0.4833691798990157,0.6754753686997326
0.6661736897546388,0.46613337628222007,0.6552572214384761
0.6393439003063972,0.45242777079468877,0.6335686295360301
0.6127486168170445,0.4419772608854869,0.6114071844156602
0.5869162129496638,0.43437392217798115,0.5895366150836667
0.5622557692690852,0.42914824900878895,0.5684876213346868
0.5390580072861029,0.4258248753042698,0.5485861999426606
0.5175055613497703,0.4239601050603505,0.5299954295980921
0.49768862236392164,0.423162927862634,0.5127597133380174
0.479622648167509,0.4231033092712758,0.49684458976202694
0.46326579109976224,0.42351193789992936,0.4821688938990833
0.44853462432605695,0.42417502424590764,0.46862863100276875
0.43531749168494177,0.4249268004917333,0.45611339631959386
0.42348531826344166,0.42564144557599715,0.4445167947471257
0.41290002611242055,0.42622542469644786,0.43374240480256987
0.40342085311558745,0.42661072112380494,0.423706651110633
0.39490892551243156,0.42674911950129235,0.4143396703427634
0.3872304281497623,0.4266075223127018,0.4055849728223278
0.3802586806946628,0.4261641963671322,0.39739845926598616
0.3738753812584564,0.4254058165539001,0.38974716221958494
0.36797123154333394,0.42432517424311655,0.3826079422377358
0.3624461148107658,0.42291943168192214,0.375966271232734
0.35720896159663007,0.42118882252136,0.3698151699254256
0.3521774083632489,0.4191357175399754,0.3641543241549867
0.3472773305761442,0.4167639916318787,0.35898937880542703
0.342442313122825,0.414078642528582,0.3543313928507679
0.3376131066240541,0.41108562353406464,0.35019643054146504
0.3327371071863833,0.4077918620441566,0.3466052592410591
0.3277678887958072,0.4042054431112533,0.34358312193135293
0.32266481126507557,0.4003359430573652,0.3411595506269553
0.3173927219296344,0.3961949022781096,0.3393681850237891
0.31192176571885555,0.39179642894016264,0.33824655813532156
0.3062273154335562,0.38715792615433386,0.3378358071906346
0.3002900316800092,0.3823009341882805,0.338180263653058
0.29409605958415763,0.37725207604484534,0.3393268710678779
0.2876373667568559,0.3720440888691419,0.3413243740225565
0.2809122235886517,0.3667169147104231,0.34422221657845925
0.27392582237118446,0.361318811724462,0.34806908527457364
0.2666910254921939,0.35590743065372504,0.35291103184469186
0.2592292245469443,0.35055078134041656,0.35878911629222104
0.25157128120698663,0.34532799058199737,0.3657365246284799
0.24375850676581,0.3403297270769417,0.37377514053401395
0.23584362035985879,0.33565814388162485,0.3829115897427446
0.22789160626782617,0.33142616749370063,0.393132833003363
0.21998036935590953,0.32775595085847975,0.40440145974520175
0.2122010664323135,0.32477631242000143,0.4166509293269395
0.20465797281358114,0.3226190132390291,0.4297811152667082
0.1974677317599027,0.3214137878017353,0.44365461985138727
0.1907578346592923,0.321282148327921,0.4580944248824214
0.184664197667871,0.32233012945792217,0.4728835049144688
0.17932774152537248,0.3246403244105801,0.48776702285940615
0.17488994953885859,0.32826376794486595,0.5024576243662593
0.17148747505729503,0.3332124153539504,0.516644124291355
0.16924598972525798,0.33945310791905825,0.5300035306900659
0.1682735962410901,0.3469039554097703,0.5422159018162612
0.16865425597289918,0.3554339622563785,0.5529810366913908
0.17044177877571837,0.36486645310204535,0.5620355491612078
0.17365496427999344,0.37498642757339395,0.5691685760114151
0.17827444981094856,0.38555144822902526,0.5742343200282547
0.18424170026676015,0.3963051332864735,0.5771598861482189
0.19146037679201175,0.40699189970061955,0.5779474220265222
0.19980006940600453,0.4173713839091911,0.5766703348089152
0.2091021140945039,0.42723101504269856,0.5734641737211043
0.21918698344020934,0.43639552227227985,0.568513472002457
0.229862582374333,0.44473265348053737,0.5620362889431447
0.24093272195574286,0.45215495310199805,0.5542683100525814
0.2522050875351964,0.45861797157136974,0.5454481631938639
0.2634981457275802,0.46411566276242044,0.5358051761927156
0.27464661544834174,0.4686739224721001,0.5255502609034598
0.28550532516751886,0.47234323454107824,0.5148700825682618
0.2959514589848477,0.4751912636746929,0.5039242519556826
0.30588533583265626,0.47729602508986535,0.4928450057673723
0.31522995898390654,0.4787400287612661,0.4817387197987829
0.3239296177667565,0.479605584045935,0.4706886014570918
0.33194782799028766,0.47997128384523996,0.4597579923544914
0.3392648735628021,0.47990957423065905,0.4489938368921643
0.3458751708905599,0.4794852516671891,0.43843000644067126
0.3517846298505162,0.47875470532860087,0.42809028955943645
0.3570081377160695,0.47776572443806364,0.4179909558420189
0.3615672499250413,0.47655770910832446,0.4081428715321417
0.3654881362694201,0.4751621492619712,0.39855319112333387
0.36879980355349,0.47360326404527286,0.3892266752856333
0.37153259556286794,0.4718987202143431,0.38016669687759763
0.373716957315212,0.47006037053544025,0.3713759983292246
0.3753824418288432,0.4680949717400732,0.3628572592608094
0.3765569328717987,0.4660048561399962,0.3546135257615297
0.3772660552983593,0.4637885421144303,0.34664854428848035
0.37753274478029936,0.46144127693611026,0.3389670349064351
0.37737695031769103,0.45895551140921836,0.331574931253135
0.37681544535771444,0.45632131009570187,0.32447960847771434
0.3758617262890515,0.4535267039693701,0.3176901155038896
0.37452598025704326,0.45055799453947554,0.31121742420933207
0.3728151074925886,0.4474000201343287,0.3050747053038339
0.37073278656543945,0.4440363963781057,0.29927763861129075
0.3682795741111618,0.44044974413014276,0.2938447638814237
0.36545303363009224,0.436621919448028,0.28879787694010306
0.3622478909341095,0.43253426161569575,0.2841624746907482
0.3586562167615432,0.4281678770504165,0.2799682509490662
0.3546676400447466,0.42350397904506165,0.2762496430489129
0.35026959835943405,0.4185243058574251,0.2730464262760933
0.3454476352720562,0.413211642623604,0.2704043490882941
0.3401857576870013,0.40755047587753507,0.26837579630636144
0.33446686991790475,0.40152781293558215,0.2670204594696412
0.32827330507331076,0.39513420174228825,0.2664059826980604
0.32158747840958385,0.38836498945497117,0.26660853797718137
0.3143926914336695,0.3812218592694618,0.2677132650205539
0.30667411948218876,0.37371468357069243,0.2698144870546002
0.2984200188319357,0.3658637257446097,0.27301558451031654
0.2896231914363686,0.3577022106121459,0.2774283736613323
0.2802827451344222,0.3492792614401524,0.28317179757178335
0.27040618323043175,0.3406631661388717,0.2903696946454952
0.2600118477924376,0.3319448823166679,0.29914737023112237
0.24913172341748513,0.32324161599748985,0.3096266670748813
0.2378145796230774,0.3147002085534883,0.3219192232777246
0.22612938719453418,0.3064999398247602,0.33611763951645063
0.2141688836497654,0.2988542066190467,0.35228437394562767
0.20205308337035133,0.29201037750288145,0.3704383710445789
0.18993242913366332,0.2862469824338778,0.39053973760975796
0.17799016828554465,0.28186731134244053,0.4124732250342339
0.16644341981273816,0.2791885293984357,0.43603186034136615
0.15554229841503717,0.2785256427643319,0.4609027473651834
0.1455664092946686,0.2801701422138517,0.4866577315891497
0.13681806348514367,0.28436396218709986,0.5127521101819823
0.1296117332771918,0.2912705029501113,0.5385346261024899
0.12425960868607208,0.30094574585228945,0.5632713380198396
0.12105364174500552,0.3133136765785421,0.5861843958771896
0.12024514166894511,0.3281509203047316,0.6065042602394775
0.12202371240331683,0.3450852453450314,0.6235307948884312
0.12649794137866338,0.3636110926518227,0.6366956328261146
0.1336805532179569,0.3831225507215749,0.6456162382402479
0.14348055487553865,0.40296070363395253,0.650132100659275
0.15570413850031256,0.4224689516204327,0.650315976511863
0.17006485739108443,0.4410478112758244,0.646457692752198
0.1862021045605576,0.4582006343850953,0.6390235497397408
0.2037055674425076,0.4735637570142102,0.6285991510975436
0.22214245598407512,0.4869181487006595,0.6158261101174813
0.24108411042889324,0.49818352027281143,0.6013429209524573
0.260129080211024,0.5073989165120109,0.5857377435214338
0.2789207233133522,0.5146953715213418,0.5695170669373172
0.2971585047230892,0.5202661784260825,0.553090480248203
0.3146031899919952,0.5243391595461365,0.5367690334409583
0.3310768532938206,0.5271536575007503,0.5207732809978911
0.3464589921212077,0.5289433610731247,0.5052469248774986
0.36068010623568875,0.5299248643839694,0.49027260161631536
0.3737139521272608,0.5302911320869721,0.4758873397005979
0.3855694290152419,0.5302087450636087,0.46209620571923643
0.3962827710303401,0.5298177990896584,0.44888346888348146
0.40591046526482244,0.5292334893763035,0.43622117892198414
0.41452311182787654,0.5285486342608741,0.42407538821855206
0.4222002951458459,0.5278366080971442,0.4124104076647331
0.42902643950221947,0.5271543356043908,0.4011915257490834
0.4350875655521168,0.5265451383954648,0.39038659177182183
0.44046883706425627,0.5260413218873994,0.37996680289571244
0.4452527787688794,0.5256664550678736,0.3699069641339627
0.4495180494855464,0.5254373353140245,0.3601854233399778
0.45333866440683734,0.5253656532419624,0.35078382591117424
0.45678357304702305,0.5254593842961699,0.34168678812684733
0.4599165127801967,0.5257239386696899,0.3328815533672192
0.4627960708570257,0.5261631019967877,0.3243576703890426
0.4654758996641283,0.5267797978762543,0.3161067155032248
0.46800504050082786,0.5275767007610399,0.30812206910668
0.47042832023180775,0.5285567247284185,0.3003987499956556
0.47278679288235836,0.5297234104816985,0.2929333069594095
0.4751182046824058,0.5310812298178822,0.2857237653408156
0.4774574663649505,0.5326358238152179,0.2787696258289205
0.479837120815446,0.5343941881827597,0.2720719132010331
0.48228779757552054,0.536364816569313,0.26563327370402884
0.48483864833967744,0.5385578101280715,0.2594581210219128
0.487517759544942,0.5409849592363793,0.25355283217013075
0.4903525395226143,0.5436598009241629,0.2479259960938485
0.493370078523308,0.5465976532031831,0.24258871916783567
0.49659748028885226,0.5498156250321078,0.23755499315429937
0.5000621637568519,0.553332598004429,0.23284213242429583
0.5037921329562897,0.5571691728966205,0.2284712883226888
0.5078162121763251,0.5613475708353203,0.2244680493563757
0.5121642420355242,0.5658914748913959,0.22086313625826154
0.5168672300938897,0.5708257932287994,0.21769320069722664
0.5219574470623211,0.5761763193636716,0.2150017351349688
0.5274684563799337,0.5819692584672357,0.21284009860193884
0.5334350608377019,0.588230580848119,0.21126865832035827
0.5398931449051059,0.5949851547202553,0.21035803924996163
0.5468793853449694,0.6022556001819646,0.21019046158528618
0.5544307954856408,0.6100607953177178,0.2108611284559285
0.5625840601269894,0.6184139541917532,0.2124796006477261
0.5713746085776396,0.6273201865420525,0.21517105976247602
0.5808353630587509,0.6367734424182607,0.2190773132648209
0.5909950893134551,0.6467527453483599,0.2243573316950812
0.6018762669119315,0.6572176301507869,0.23118702783425366
0.613492390402768,0.6681027338057319,0.2397578891636746
0.6258446121891321,0.6793115501587387,0.25027396106398825
0.6389176483118723,0.6907094647702529,0.2629465569755287
0.6526748954998589,0.7021163502052492,0.27798596050401586
0.6670527601815771,0.7132992396997189,0.29558931421065354
0.6819542877093302,0.723965918952429,0.3159239101644353
0.6972423137159653,0.733760679196674,0.3391052800185019
0.7127325487197316,0.7422639310611236,0.3651699203209358
0.7281872554892642,0.7489978159724577,0.39404328494493684
0.743310477410952,0.7534402360280668,0.42550491525145046
0.7577460944794805,0.7550496473567228,0.45915427202527503
0.7710802587708376,0.753302257795107,0.4943828413160597
0.7828498911698722,0.7477416648646146,0.5303600245410361
0.7925587671706261,0.7380383103620394,0.5660415002203342
0.7997021303072227,0.724052564067245,0.6002082064314717
0.8037996356706157,0.7058914357079826,0.6315408658577283
0.804434752842108,0.6839460961378566,0.6587285560950021
0.8012967668947154,0.6588971970671379,0.6806008219673504
0.7942196824544775,0.6316788150209182,0.696263404356074
0.7832113256729978,0.6033999587308502,0.7052113375033499
0.7684663975784847,0.5752333031123408,0.7073935650670661
0.7503594614987943,0.548290638001208,0.703212082659782
0.7294175265128753,0.5235094010165795,0.6934541434043242
0.7062760438114097,0.5015721161436216,0.6791730220838194
0.6816254613522374,0.4828712584786528,0.6615448068734987
0.6561569204040381,0.46751971059370084,0.6417313976136458
0.6305148887271964,0.4553963380502659,0.6207733534721953
0.6052620116637318,0.4462106684235022,0.5995243231450151
0.5808582503389624,0.43957084347466163,0.5786267193622414
0.5576535011215831,0.4350432082441592,0.5585199328480501
0.5358909985847179,0.4321974936533852,0.5394689912682152
0.5157180385248601,0.4306364234967649,0.5216022502089734
0.4972006893966464,0.4300117214154352,0.5049496041963603
0.4803398117949537,0.430029876663685,0.48947612027841714
0.46508652892258606,0.4304511386970303,0.4751088764641224
0.45135605475622365,0.4310846401509275,0.46175674603409667
0.43903938120590696,0.4317817555800286,0.4493239505490102
0.42801272954147224,0.4324290593749067,0.4377186381521287
0.4181449110336189,0.43294166429367065,0.42685778008050984
0.4093028601655536,0.4332573193840988,0.41666951502905913
0.4013556427899634,0.4333313947438418,0.4070938372687088
0.3941772343926272,0.4331327396099466,0.39808229178310317
0.38764833325030607,0.4326403318582791,0.3895971405801368
0.3816574342137533,0.43184061213919345,0.38161030823951125
0.3761013493018466,0.4307253947724131,0.37410229959097124
0.37088532532451807,0.42929025778994623,0.3670612014148349
0.36592287794343165,0.4275333290263947,0.360481825446129
0.3611354361573163,0.42545440018084824,0.3543650146588403
0.3564518707379245,0.4230543146082839,0.34871711299679603
0.3518079639691127,0.42033458664829676,0.343549585922932
0.34714586544575715,0.4172972205208557,0.3388787720607382
0.3424135690213925,0.41394470539070227,0.33472574240845704
0.33756443869582575,0.41028017034796826,0.33111624142629636
0.33255680583974717,0.40630768895349123,0.3280806825479416
0.32735365627075397,0.4020327277489269,0.32565416853209433
0.3219224229859457,0.39746273672487703,0.32387650398851037
0.3162348985126898,0.39260788204916564,0.322792163019004
0.3102672795616493,0.3874819221304195,0.3224501690004325
0.3040003556410057,0.38210322694255555,0.32290383605932044
0.29741985216873346,0.3764959369358709,0.3242103128999206
0.29051693699545494,0.3706912511445042,0.32642985977077554
0.2832888966444719,0.36472882348705643,0.3296247792848859
0.2757399844221414,0.35865823090779286,0.33385791285357563
0.26788243619681446,0.3525404561338034,0.3391906086361917
0.2597376403632717,0.3464493008856044,0.3456800669644647
0.25133743555424864,0.3404726123689095,0.35337597894261774
0.24272549235363985,0.33471316774262,0.36231639807772803
0.2339587131547492,0.3292890204480971,0.3725228288152444
0.22510855739574626,0.3243330733660887,0.38399458533287134
0.21626216847004096,0.3199916140341601,0.3967025734772987
0.20752314558838983,0.3164215369979948,0.41058278010455546
0.1990117722722399,0.313786001074017,0.4255299137806416
0.190864488408416,0.31224833985826655,0.441391816960295
0.18323238233782754,0.31196417623971806,0.4579654393109866
0.1762784923916701,0.31307189453488454,0.47499528886226533
0.1701737533170939,0.3156818941949303,0.49217531469772463
0.16509151041718936,0.3198653656852295,0.5091550692033358
0.16120065686737253,0.3256436476854986,0.5255507037478252
0.158657623576669,0.33297947739826084,0.5409608486372903
0.15759765106045337,0.3417715495955024,0.554986741393369
0.15812597141520315,0.3518536759011341,0.5672551828462353
0.16030968720785574,0.3629994357064067,0.577442165406946
0.16417121002189095,0.3749325460410332,0.5852945175276988
